alcaldia_hechos,cve_col,DELITOS_2018
ALVARO OBREGON,10-001,31
ALVARO OBREGON,10-002,34
ALVARO OBREGON,10-003,49
ALVARO OBREGON,10-004,89
ALVARO OBREGON,10-005,20
ALVARO OBREGON,10-006,63
ALVARO OBREGON,10-007,40
ALVARO OBREGON,10-009,257
ALVARO OBREGON,10-010,605
ALVARO OBREGON,10-011,116
ALVARO OBREGON,10-013,7
ALVARO OBREGON,10-014,37
ALVARO OBREGON,10-015,135
ALVARO OBREGON,10-018,55
ALVARO OBREGON,10-020,4
ALVARO OBREGON,10-021,20
ALVARO OBREGON,10-022,17
ALVARO OBREGON,10-026,240
ALVARO OBREGON,10-027,9
ALVARO OBREGON,10-028,21
ALVARO OBREGON,10-029,117
ALVARO OBREGON,10-031,225
ALVARO OBREGON,10-032,30
ALVARO OBREGON,10-033,69
ALVARO OBREGON,10-036,1
ALVARO OBREGON,10-038,117
ALVARO OBREGON,10-039,9
ALVARO OBREGON,10-042,176
ALVARO OBREGON,10-044,140
ALVARO OBREGON,10-046,6
ALVARO OBREGON,10-047,26
ALVARO OBREGON,10-049,127
ALVARO OBREGON,10-052,56
ALVARO OBREGON,10-053,20
ALVARO OBREGON,10-055,5
ALVARO OBREGON,10-057,4
ALVARO OBREGON,10-059,35
ALVARO OBREGON,10-060,12
ALVARO OBREGON,10-061,38
ALVARO OBREGON,10-062,4
ALVARO OBREGON,10-063,156
ALVARO OBREGON,10-065,14
ALVARO OBREGON,10-066,26
ALVARO OBREGON,10-071,105
ALVARO OBREGON,10-073,377
ALVARO OBREGON,10-074,28
ALVARO OBREGON,10-077,99
ALVARO OBREGON,10-078,74
ALVARO OBREGON,10-079,150
ALVARO OBREGON,10-080,13
ALVARO OBREGON,10-083,21
ALVARO OBREGON,10-084,409
ALVARO OBREGON,10-085,40
ALVARO OBREGON,10-087,32
ALVARO OBREGON,10-088,73
ALVARO OBREGON,10-089,72
ALVARO OBREGON,10-090,18
ALVARO OBREGON,10-091,902
ALVARO OBREGON,10-092,321
ALVARO OBREGON,10-094,22
ALVARO OBREGON,10-095,18
ALVARO OBREGON,10-096,74
ALVARO OBREGON,10-098,15
ALVARO OBREGON,10-100,53
ALVARO OBREGON,10-101,7
ALVARO OBREGON,10-103,141
ALVARO OBREGON,10-104,540
ALVARO OBREGON,10-105,47
ALVARO OBREGON,10-106,144
ALVARO OBREGON,10-107,9
ALVARO OBREGON,10-108,11
ALVARO OBREGON,10-109,118
ALVARO OBREGON,10-111,28
ALVARO OBREGON,10-112,14
ALVARO OBREGON,10-115,163
ALVARO OBREGON,10-118,28
ALVARO OBREGON,10-119,15
ALVARO OBREGON,10-120,20
ALVARO OBREGON,10-121,95
ALVARO OBREGON,10-122,36
ALVARO OBREGON,10-124,155
ALVARO OBREGON,10-127,118
ALVARO OBREGON,10-130,77
ALVARO OBREGON,10-131,30
ALVARO OBREGON,10-132,179
ALVARO OBREGON,10-134,67
ALVARO OBREGON,10-135,40
ALVARO OBREGON,10-139,66
ALVARO OBREGON,10-140,58
ALVARO OBREGON,10-142,38
ALVARO OBREGON,10-143,104
ALVARO OBREGON,10-144,17
ALVARO OBREGON,10-146,3
ALVARO OBREGON,10-147,19
ALVARO OBREGON,10-148,24
ALVARO OBREGON,10-149,111
ALVARO OBREGON,10-151,457
ALVARO OBREGON,10-153,5
ALVARO OBREGON,10-154,235
ALVARO OBREGON,10-156,148
ALVARO OBREGON,10-157,36
ALVARO OBREGON,10-158,10
ALVARO OBREGON,10-159,104
ALVARO OBREGON,10-160,12
ALVARO OBREGON,10-161,26
ALVARO OBREGON,10-162,6
ALVARO OBREGON,10-163,59
ALVARO OBREGON,10-167,15
ALVARO OBREGON,10-168,1
ALVARO OBREGON,10-170,38
ALVARO OBREGON,10-172,231
ALVARO OBREGON,10-174,30
ALVARO OBREGON,10-176,110
ALVARO OBREGON,10-177,97
ALVARO OBREGON,10-178,48
ALVARO OBREGON,10-179,70
ALVARO OBREGON,10-180,36
ALVARO OBREGON,10-182,269
ALVARO OBREGON,10-184,35
ALVARO OBREGON,10-185,84
ALVARO OBREGON,10-188,7
ALVARO OBREGON,10-189,40
ALVARO OBREGON,10-190,15
ALVARO OBREGON,10-192,634
ALVARO OBREGON,10-193,66
ALVARO OBREGON,10-194,303
ALVARO OBREGON,10-195,84
ALVARO OBREGON,10-196,5
ALVARO OBREGON,10-197,482
ALVARO OBREGON,10-198,302
ALVARO OBREGON,10-199,61
ALVARO OBREGON,10-200,194
ALVARO OBREGON,10-201,8
ALVARO OBREGON,10-202,16
ALVARO OBREGON,10-203,85
ALVARO OBREGON,10-204,189
ALVARO OBREGON,10-208,29
ALVARO OBREGON,10-211,16
ALVARO OBREGON,10-212,23
ALVARO OBREGON,10-213,10
ALVARO OBREGON,10-214,131
ALVARO OBREGON,10-216,5
ALVARO OBREGON,10-217,412
ALVARO OBREGON,10-218,54
ALVARO OBREGON,10-220,48
ALVARO OBREGON,10-222,34
ALVARO OBREGON,10-223,27
ALVARO OBREGON,10-224,104
ALVARO OBREGON,10-226,355
ALVARO OBREGON,10-228,189
ALVARO OBREGON,10-231,1
ALVARO OBREGON,10-234,34
ALVARO OBREGON,10-235,52
ALVARO OBREGON,10-236,15
ALVARO OBREGON,10-237,18
ALVARO OBREGON,10-238,34
ALVARO OBREGON,10-239,65
ALVARO OBREGON,10-241,18
ALVARO OBREGON,10-243,56
ALVARO OBREGON,10-245,33
ALVARO OBREGON,10-246,98
ALVARO OBREGON,10-247,41
ALVARO OBREGON,10-251,386
ALVARO OBREGON,10-252,331
ALVARO OBREGON,10-253,19
ALVARO OBREGON,10-254,312
ALVARO OBREGON,10-257,4
AZCAPOTZALCO,02-001,58
AZCAPOTZALCO,02-002,102
AZCAPOTZALCO,02-003,58
AZCAPOTZALCO,02-005,122
AZCAPOTZALCO,02-006,147
AZCAPOTZALCO,02-007,170
AZCAPOTZALCO,02-008,495
AZCAPOTZALCO,02-009,111
AZCAPOTZALCO,02-010,65
AZCAPOTZALCO,02-011,30
AZCAPOTZALCO,02-015,169
AZCAPOTZALCO,02-016,177
AZCAPOTZALCO,02-017,45
AZCAPOTZALCO,02-018,208
AZCAPOTZALCO,02-021,113
AZCAPOTZALCO,02-025,952
AZCAPOTZALCO,02-026,85
AZCAPOTZALCO,02-027,123
AZCAPOTZALCO,02-028,40
AZCAPOTZALCO,02-033,6
AZCAPOTZALCO,02-035,19
AZCAPOTZALCO,02-036,577
AZCAPOTZALCO,02-037,150
AZCAPOTZALCO,02-038,171
AZCAPOTZALCO,02-040,164
AZCAPOTZALCO,02-041,209
AZCAPOTZALCO,02-042,42
AZCAPOTZALCO,02-043,61
AZCAPOTZALCO,02-044,48
AZCAPOTZALCO,02-045,86
AZCAPOTZALCO,02-046,3
AZCAPOTZALCO,02-047,25
AZCAPOTZALCO,02-048,16
AZCAPOTZALCO,02-050,42
AZCAPOTZALCO,02-051,32
AZCAPOTZALCO,02-052,260
AZCAPOTZALCO,02-053,41
AZCAPOTZALCO,02-054,188
AZCAPOTZALCO,02-056,183
AZCAPOTZALCO,02-058,40
AZCAPOTZALCO,02-059,93
AZCAPOTZALCO,02-060,75
AZCAPOTZALCO,02-061,116
AZCAPOTZALCO,02-062,32
AZCAPOTZALCO,02-063,76
AZCAPOTZALCO,02-064,81
AZCAPOTZALCO,02-066,167
AZCAPOTZALCO,02-067,174
AZCAPOTZALCO,02-069,169
AZCAPOTZALCO,02-070,142
AZCAPOTZALCO,02-071,346
AZCAPOTZALCO,02-074,151
AZCAPOTZALCO,02-075,71
AZCAPOTZALCO,02-077,658
AZCAPOTZALCO,02-078,110
AZCAPOTZALCO,02-079,168
AZCAPOTZALCO,02-081,335
AZCAPOTZALCO,02-082,41
AZCAPOTZALCO,02-087,45
AZCAPOTZALCO,02-088,74
AZCAPOTZALCO,02-089,221
AZCAPOTZALCO,02-090,252
AZCAPOTZALCO,02-091,98
AZCAPOTZALCO,02-092,73
AZCAPOTZALCO,02-093,102
AZCAPOTZALCO,02-094,67
AZCAPOTZALCO,02-095,88
AZCAPOTZALCO,02-096,142
AZCAPOTZALCO,02-097,211
AZCAPOTZALCO,02-098,91
AZCAPOTZALCO,02-099,139
AZCAPOTZALCO,02-101,80
AZCAPOTZALCO,02-102,202
AZCAPOTZALCO,02-103,150
AZCAPOTZALCO,02-104,139
AZCAPOTZALCO,02-106,50
AZCAPOTZALCO,02-107,35
AZCAPOTZALCO,02-108,484
AZCAPOTZALCO,02-111,289
AZCAPOTZALCO,02-113,359
BENITO JUAREZ,14-001,131
BENITO JUAREZ,14-004,129
BENITO JUAREZ,14-005,515
BENITO JUAREZ,14-006,205
BENITO JUAREZ,14-007,94
BENITO JUAREZ,14-008,17
BENITO JUAREZ,14-009,238
BENITO JUAREZ,14-010,122
BENITO JUAREZ,14-013,62
BENITO JUAREZ,14-014,554
BENITO JUAREZ,14-015,197
BENITO JUAREZ,14-016,269
BENITO JUAREZ,14-017,168
BENITO JUAREZ,14-018,170
BENITO JUAREZ,14-019,98
BENITO JUAREZ,14-020,41
BENITO JUAREZ,14-021,473
BENITO JUAREZ,14-022,94
BENITO JUAREZ,14-023,66
BENITO JUAREZ,14-024,201
BENITO JUAREZ,14-025,112
BENITO JUAREZ,14-026,414
BENITO JUAREZ,14-027,315
BENITO JUAREZ,14-028,1145
BENITO JUAREZ,14-030,376
BENITO JUAREZ,14-031,369
BENITO JUAREZ,14-032,154
BENITO JUAREZ,14-033,392
BENITO JUAREZ,14-034,60
BENITO JUAREZ,14-035,65
BENITO JUAREZ,14-036,619
BENITO JUAREZ,14-038,202
BENITO JUAREZ,14-040,96
BENITO JUAREZ,14-041,542
BENITO JUAREZ,14-042,214
BENITO JUAREZ,14-043,752
BENITO JUAREZ,14-044,356
BENITO JUAREZ,14-045,1167
BENITO JUAREZ,14-046,347
BENITO JUAREZ,14-047,317
BENITO JUAREZ,14-048,97
BENITO JUAREZ,14-049,563
BENITO JUAREZ,14-050,157
BENITO JUAREZ,14-052,982
BENITO JUAREZ,14-053,4024
BENITO JUAREZ,14-060,3090
BENITO JUAREZ,14-063,34
BENITO JUAREZ,14-067,1419
COYOACAN,03-003,14
COYOACAN,03-005,4
COYOACAN,03-006,794
COYOACAN,03-007,97
COYOACAN,03-008,245
COYOACAN,03-009,40
COYOACAN,03-010,117
COYOACAN,03-012,568
COYOACAN,03-013,147
COYOACAN,03-017,134
COYOACAN,03-018,11
COYOACAN,03-019,15
COYOACAN,03-020,102
COYOACAN,03-021,544
COYOACAN,03-023,4
COYOACAN,03-024,339
COYOACAN,03-025,166
COYOACAN,03-027,130
COYOACAN,03-029,259
COYOACAN,03-031,106
COYOACAN,03-033,449
COYOACAN,03-034,48
COYOACAN,03-035,202
COYOACAN,03-037,271
COYOACAN,03-038,39
COYOACAN,03-039,233
COYOACAN,03-041,206
COYOACAN,03-045,53
COYOACAN,03-046,156
COYOACAN,03-049,84
COYOACAN,03-050,121
COYOACAN,03-051,159
COYOACAN,03-052,127
COYOACAN,03-055,13
COYOACAN,03-059,234
COYOACAN,03-060,73
COYOACAN,03-061,91
COYOACAN,03-062,213
COYOACAN,03-063,15
COYOACAN,03-065,953
COYOACAN,03-066,503
COYOACAN,03-069,20
COYOACAN,03-072,485
COYOACAN,03-073,64
COYOACAN,03-075,195
COYOACAN,03-076,17
COYOACAN,03-078,563
COYOACAN,03-082,20
COYOACAN,03-083,203
COYOACAN,03-084,196
COYOACAN,03-085,299
COYOACAN,03-087,54
COYOACAN,03-088,431
COYOACAN,03-089,32
COYOACAN,03-091,30
COYOACAN,03-093,52
COYOACAN,03-094,213
COYOACAN,03-097,54
COYOACAN,03-098,326
COYOACAN,03-104,206
COYOACAN,03-105,121
COYOACAN,03-106,547
COYOACAN,03-107,48
COYOACAN,03-109,222
COYOACAN,03-113,119
COYOACAN,03-115,5
COYOACAN,03-119,105
COYOACAN,03-122,69
COYOACAN,03-123,9
COYOACAN,03-124,2
COYOACAN,03-125,153
COYOACAN,03-127,214
COYOACAN,03-128,84
COYOACAN,03-134,253
COYOACAN,03-136,27
COYOACAN,03-137,704
COYOACAN,03-139,4
COYOACAN,03-144,1512
COYOACAN,03-148,333
COYOACAN,03-152,144
COYOACAN,03-153,18
COYOACAN,03-156,61
COYOACAN,03-158,230
CUAJIMALPA DE MORELOS,04-001,20
CUAJIMALPA DE MORELOS,04-002,26
CUAJIMALPA DE MORELOS,04-004,48
CUAJIMALPA DE MORELOS,04-006,121
CUAJIMALPA DE MORELOS,04-012,630
CUAJIMALPA DE MORELOS,04-014,13
CUAJIMALPA DE MORELOS,04-015,136
CUAJIMALPA DE MORELOS,04-016,12
CUAJIMALPA DE MORELOS,04-017,27
CUAJIMALPA DE MORELOS,04-018,39
CUAJIMALPA DE MORELOS,04-019,35
CUAJIMALPA DE MORELOS,04-021,1
CUAJIMALPA DE MORELOS,04-022,52
CUAJIMALPA DE MORELOS,04-023,68
CUAJIMALPA DE MORELOS,04-025,1
CUAJIMALPA DE MORELOS,04-026,23
CUAJIMALPA DE MORELOS,04-028,367
CUAJIMALPA DE MORELOS,04-031,16
CUAJIMALPA DE MORELOS,04-032,203
CUAJIMALPA DE MORELOS,04-033,93
CUAJIMALPA DE MORELOS,04-034,15
CUAJIMALPA DE MORELOS,04-036,152
CUAJIMALPA DE MORELOS,04-038,118
CUAJIMALPA DE MORELOS,04-045,121
CUAJIMALPA DE MORELOS,04-047,90
CUAJIMALPA DE MORELOS,04-051,21
CUAJIMALPA DE MORELOS,04-052,169
CUAJIMALPA DE MORELOS,04-056,489
CUAJIMALPA DE MORELOS,04-059,323
CUAUHTEMOC,15-001,247
CUAUHTEMOC,15-002,160
CUAUHTEMOC,15-003,273
CUAUHTEMOC,15-004,528
CUAUHTEMOC,15-008,515
CUAUHTEMOC,15-009,1101
CUAUHTEMOC,15-011,112
CUAUHTEMOC,15-012,405
CUAUHTEMOC,15-013,56
CUAUHTEMOC,15-017,2107
CUAUHTEMOC,15-022,133
CUAUHTEMOC,15-027,402
CUAUHTEMOC,15-031,880
CUAUHTEMOC,15-032,612
CUAUHTEMOC,15-033,161
CUAUHTEMOC,15-034,414
CUAUHTEMOC,15-036,2125
CUAUHTEMOC,15-043,9033
CUAUHTEMOC,15-045,4720
CUAUHTEMOC,15-052,2274
CUAUHTEMOC,15-055,1084
CUAUHTEMOC,15-057,1370
CUAUHTEMOC,15-060,758
CUAUHTEMOC,15-063,1450
CUAUHTEMOC,15-066,616
CUAUHTEMOC,15-069,3151
CUAUHTEMOC,15-071,74
CUAUHTEMOC,15-072,1195
CUAUHTEMOC,15-073,786
CUAUHTEMOC,15-078,1921
GUSTAVO A. MADERO,05-001,213
GUSTAVO A. MADERO,05-002,130
GUSTAVO A. MADERO,05-003,34
GUSTAVO A. MADERO,05-004,45
GUSTAVO A. MADERO,05-005,73
GUSTAVO A. MADERO,05-006,298
GUSTAVO A. MADERO,05-007,58
GUSTAVO A. MADERO,05-010,22
GUSTAVO A. MADERO,05-011,87
GUSTAVO A. MADERO,05-013,165
GUSTAVO A. MADERO,05-014,91
GUSTAVO A. MADERO,05-015,8
GUSTAVO A. MADERO,05-018,147
GUSTAVO A. MADERO,05-020,104
GUSTAVO A. MADERO,05-022,4
GUSTAVO A. MADERO,05-023,88
GUSTAVO A. MADERO,05-025,28
GUSTAVO A. MADERO,05-027,20
GUSTAVO A. MADERO,05-028,67
GUSTAVO A. MADERO,05-029,268
GUSTAVO A. MADERO,05-032,297
GUSTAVO A. MADERO,05-033,119
GUSTAVO A. MADERO,05-034,93
GUSTAVO A. MADERO,05-035,188
GUSTAVO A. MADERO,05-036,49
GUSTAVO A. MADERO,05-038,38
GUSTAVO A. MADERO,05-039,55
GUSTAVO A. MADERO,05-041,1
GUSTAVO A. MADERO,05-042,5
GUSTAVO A. MADERO,05-043,74
GUSTAVO A. MADERO,05-044,16
GUSTAVO A. MADERO,05-046,41
GUSTAVO A. MADERO,05-049,50
GUSTAVO A. MADERO,05-050,34
GUSTAVO A. MADERO,05-051,16
GUSTAVO A. MADERO,05-052,88
GUSTAVO A. MADERO,05-053,25
GUSTAVO A. MADERO,05-054,23
GUSTAVO A. MADERO,05-055,251
GUSTAVO A. MADERO,05-057,46
GUSTAVO A. MADERO,05-058,31
GUSTAVO A. MADERO,05-062,2
GUSTAVO A. MADERO,05-063,126
GUSTAVO A. MADERO,05-066,73
GUSTAVO A. MADERO,05-067,144
GUSTAVO A. MADERO,05-068,148
GUSTAVO A. MADERO,05-069,4
GUSTAVO A. MADERO,05-070,304
GUSTAVO A. MADERO,05-071,204
GUSTAVO A. MADERO,05-072,90
GUSTAVO A. MADERO,05-073,98
GUSTAVO A. MADERO,05-075,95
GUSTAVO A. MADERO,05-076,233
GUSTAVO A. MADERO,05-077,69
GUSTAVO A. MADERO,05-078,22
GUSTAVO A. MADERO,05-083,15
GUSTAVO A. MADERO,05-084,16
GUSTAVO A. MADERO,05-086,163
GUSTAVO A. MADERO,05-089,7
GUSTAVO A. MADERO,05-090,4
GUSTAVO A. MADERO,05-093,235
GUSTAVO A. MADERO,05-097,28
GUSTAVO A. MADERO,05-098,67
GUSTAVO A. MADERO,05-100,51
GUSTAVO A. MADERO,05-101,7
GUSTAVO A. MADERO,05-102,121
GUSTAVO A. MADERO,05-103,1126
GUSTAVO A. MADERO,05-104,240
GUSTAVO A. MADERO,05-105,134
GUSTAVO A. MADERO,05-106,75
GUSTAVO A. MADERO,05-107,62
GUSTAVO A. MADERO,05-108,151
GUSTAVO A. MADERO,05-109,19
GUSTAVO A. MADERO,05-110,18
GUSTAVO A. MADERO,05-111,196
GUSTAVO A. MADERO,05-114,469
GUSTAVO A. MADERO,05-115,58
GUSTAVO A. MADERO,05-116,2
GUSTAVO A. MADERO,05-117,5
GUSTAVO A. MADERO,05-118,21
GUSTAVO A. MADERO,05-119,600
GUSTAVO A. MADERO,05-121,66
GUSTAVO A. MADERO,05-124,165
GUSTAVO A. MADERO,05-125,41
GUSTAVO A. MADERO,05-126,50
GUSTAVO A. MADERO,05-127,61
GUSTAVO A. MADERO,05-129,506
GUSTAVO A. MADERO,05-130,130
GUSTAVO A. MADERO,05-131,481
GUSTAVO A. MADERO,05-132,177
GUSTAVO A. MADERO,05-133,172
GUSTAVO A. MADERO,05-135,22
GUSTAVO A. MADERO,05-137,11
GUSTAVO A. MADERO,05-141,206
GUSTAVO A. MADERO,05-143,99
GUSTAVO A. MADERO,05-145,55
GUSTAVO A. MADERO,05-146,325
GUSTAVO A. MADERO,05-148,16
GUSTAVO A. MADERO,05-149,252
GUSTAVO A. MADERO,05-150,19
GUSTAVO A. MADERO,05-151,209
GUSTAVO A. MADERO,05-153,331
GUSTAVO A. MADERO,05-156,268
GUSTAVO A. MADERO,05-163,354
GUSTAVO A. MADERO,05-164,93
GUSTAVO A. MADERO,05-166,8
GUSTAVO A. MADERO,05-167,230
GUSTAVO A. MADERO,05-168,177
GUSTAVO A. MADERO,05-169,34
GUSTAVO A. MADERO,05-170,385
GUSTAVO A. MADERO,05-174,201
GUSTAVO A. MADERO,05-176,20
GUSTAVO A. MADERO,05-177,77
GUSTAVO A. MADERO,05-179,228
GUSTAVO A. MADERO,05-180,59
GUSTAVO A. MADERO,05-182,21
GUSTAVO A. MADERO,05-183,59
GUSTAVO A. MADERO,05-184,94
GUSTAVO A. MADERO,05-189,86
GUSTAVO A. MADERO,05-192,67
GUSTAVO A. MADERO,05-193,67
GUSTAVO A. MADERO,05-195,105
GUSTAVO A. MADERO,05-196,196
GUSTAVO A. MADERO,05-198,92
GUSTAVO A. MADERO,05-199,322
GUSTAVO A. MADERO,05-200,18
GUSTAVO A. MADERO,05-202,23
GUSTAVO A. MADERO,05-206,91
GUSTAVO A. MADERO,05-208,81
GUSTAVO A. MADERO,05-212,124
GUSTAVO A. MADERO,05-215,281
GUSTAVO A. MADERO,05-218,538
GUSTAVO A. MADERO,05-221,197
GUSTAVO A. MADERO,05-223,521
GUSTAVO A. MADERO,05-224,544
GUSTAVO A. MADERO,05-226,1366
GUSTAVO A. MADERO,05-227,403
GUSTAVO A. MADERO,05-228,136
GUSTAVO A. MADERO,05-229,152
GUSTAVO A. MADERO,05-231,477
GUSTAVO A. MADERO,05-232,174
GUSTAVO A. MADERO,05-235,356
GUSTAVO A. MADERO,05-238,696
GUSTAVO A. MADERO,05-242,336
GUSTAVO A. MADERO,05-244,204
GUSTAVO A. MADERO,05-245,77
GUSTAVO A. MADERO,05-246,432
GUSTAVO A. MADERO,05-247,203
GUSTAVO A. MADERO,05-249,558
GUSTAVO A. MADERO,05-252,244
GUSTAVO A. MADERO,05-253,87
GUSTAVO A. MADERO,05-254,17
GUSTAVO A. MADERO,05-255,158
GUSTAVO A. MADERO,05-256,174
IZTACALCO,06-002,382
IZTACALCO,06-004,236
IZTACALCO,06-005,60
IZTACALCO,06-006,39
IZTACALCO,06-008,132
IZTACALCO,06-009,123
IZTACALCO,06-010,218
IZTACALCO,06-013,59
IZTACALCO,06-016,59
IZTACALCO,06-017,150
IZTACALCO,06-018,185
IZTACALCO,06-019,265
IZTACALCO,06-020,24
IZTACALCO,06-021,86
IZTACALCO,06-023,75
IZTACALCO,06-025,70
IZTACALCO,06-027,55
IZTACALCO,06-028,59
IZTACALCO,06-029,63
IZTACALCO,06-030,167
IZTACALCO,06-031,167
IZTACALCO,06-032,315
IZTACALCO,06-033,29
IZTACALCO,06-034,48
IZTACALCO,06-035,117
IZTACALCO,06-036,278
IZTACALCO,06-037,78
IZTACALCO,06-038,298
IZTACALCO,06-039,90
IZTACALCO,06-046,2240
IZTACALCO,06-048,387
IZTACALCO,06-049,11
IZTACALCO,06-050,1095
IZTACALCO,06-052,505
IZTACALCO,06-054,321
IZTACALCO,06-059,1792
IZTACALCO,06-061,590
IZTAPALAPA,07-001,150
IZTAPALAPA,07-002,40
IZTAPALAPA,07-006,185
IZTAPALAPA,07-007,285
IZTAPALAPA,07-009,401
IZTAPALAPA,07-012,141
IZTAPALAPA,07-014,89
IZTAPALAPA,07-015,40
IZTAPALAPA,07-020,63
IZTAPALAPA,07-021,263
IZTAPALAPA,07-022,176
IZTAPALAPA,07-023,127
IZTAPALAPA,07-025,93
IZTAPALAPA,07-030,186
IZTAPALAPA,07-031,49
IZTAPALAPA,07-032,11
IZTAPALAPA,07-035,10
IZTAPALAPA,07-036,8
IZTAPALAPA,07-037,221
IZTAPALAPA,07-041,564
IZTAPALAPA,07-042,346
IZTAPALAPA,07-044,1259
IZTAPALAPA,07-045,68
IZTAPALAPA,07-046,538
IZTAPALAPA,07-049,227
IZTAPALAPA,07-051,131
IZTAPALAPA,07-053,28
IZTAPALAPA,07-054,80
IZTAPALAPA,07-055,80
IZTAPALAPA,07-056,53
IZTAPALAPA,07-057,183
IZTAPALAPA,07-058,47
IZTAPALAPA,07-059,143
IZTAPALAPA,07-060,87
IZTAPALAPA,07-061,67
IZTAPALAPA,07-062,251
IZTAPALAPA,07-063,386
IZTAPALAPA,07-064,215
IZTAPALAPA,07-067,13
IZTAPALAPA,07-071,259
IZTAPALAPA,07-072,4
IZTAPALAPA,07-074,95
IZTAPALAPA,07-076,297
IZTAPALAPA,07-077,170
IZTAPALAPA,07-082,184
IZTAPALAPA,07-083,133
IZTAPALAPA,07-086,175
IZTAPALAPA,07-087,951
IZTAPALAPA,07-088,313
IZTAPALAPA,07-091,115
IZTAPALAPA,07-094,29
IZTAPALAPA,07-095,100
IZTAPALAPA,07-097,205
IZTAPALAPA,07-099,80
IZTAPALAPA,07-101,31
IZTAPALAPA,07-104,74
IZTAPALAPA,07-105,111
IZTAPALAPA,07-106,176
IZTAPALAPA,07-107,108
IZTAPALAPA,07-111,4
IZTAPALAPA,07-112,143
IZTAPALAPA,07-113,21
IZTAPALAPA,07-114,206
IZTAPALAPA,07-116,17
IZTAPALAPA,07-117,10
IZTAPALAPA,07-118,383
IZTAPALAPA,07-119,169
IZTAPALAPA,07-120,103
IZTAPALAPA,07-124,86
IZTAPALAPA,07-125,249
IZTAPALAPA,07-126,19
IZTAPALAPA,07-128,316
IZTAPALAPA,07-130,682
IZTAPALAPA,07-132,45
IZTAPALAPA,07-134,216
IZTAPALAPA,07-136,23
IZTAPALAPA,07-137,84
IZTAPALAPA,07-139,148
IZTAPALAPA,07-141,88
IZTAPALAPA,07-143,268
IZTAPALAPA,07-144,65
IZTAPALAPA,07-145,483
IZTAPALAPA,07-146,6
IZTAPALAPA,07-151,146
IZTAPALAPA,07-152,331
IZTAPALAPA,07-154,163
IZTAPALAPA,07-155,138
IZTAPALAPA,07-157,161
IZTAPALAPA,07-163,19
IZTAPALAPA,07-164,204
IZTAPALAPA,07-165,156
IZTAPALAPA,07-166,129
IZTAPALAPA,07-169,99
IZTAPALAPA,07-171,287
IZTAPALAPA,07-172,37
IZTAPALAPA,07-173,64
IZTAPALAPA,07-175,326
IZTAPALAPA,07-176,60
IZTAPALAPA,07-177,194
IZTAPALAPA,07-178,69
IZTAPALAPA,07-179,1
IZTAPALAPA,07-180,136
IZTAPALAPA,07-181,1534
IZTAPALAPA,07-182,79
IZTAPALAPA,07-183,39
IZTAPALAPA,07-185,64
IZTAPALAPA,07-186,100
IZTAPALAPA,07-188,98
IZTAPALAPA,07-190,74
IZTAPALAPA,07-191,217
IZTAPALAPA,07-193,34
IZTAPALAPA,07-194,92
IZTAPALAPA,07-195,462
IZTAPALAPA,07-196,518
IZTAPALAPA,07-202,96
IZTAPALAPA,07-203,121
IZTAPALAPA,07-204,77
IZTAPALAPA,07-205,290
IZTAPALAPA,07-211,23
IZTAPALAPA,07-212,79
IZTAPALAPA,07-213,46
IZTAPALAPA,07-215,473
IZTAPALAPA,07-217,808
IZTAPALAPA,07-219,175
IZTAPALAPA,07-221,20
IZTAPALAPA,07-223,80
IZTAPALAPA,07-224,59
IZTAPALAPA,07-225,54
IZTAPALAPA,07-226,157
IZTAPALAPA,07-227,209
IZTAPALAPA,07-234,17
IZTAPALAPA,07-236,30
IZTAPALAPA,07-237,82
IZTAPALAPA,07-241,7
IZTAPALAPA,07-243,4
IZTAPALAPA,07-247,599
IZTAPALAPA,07-251,82
IZTAPALAPA,07-252,22
IZTAPALAPA,07-253,39
IZTAPALAPA,07-254,97
IZTAPALAPA,07-256,90
IZTAPALAPA,07-259,471
IZTAPALAPA,07-260,428
IZTAPALAPA,07-261,147
IZTAPALAPA,07-263,64
IZTAPALAPA,07-265,27
IZTAPALAPA,07-266,633
IZTAPALAPA,07-270,1040
IZTAPALAPA,07-271,662
IZTAPALAPA,07-272,13
IZTAPALAPA,07-273,599
IZTAPALAPA,07-275,308
IZTAPALAPA,07-277,629
IZTAPALAPA,07-278,15
IZTAPALAPA,07-280,711
IZTAPALAPA,07-282,243
IZTAPALAPA,07-284,233
IZTAPALAPA,07-285,75
IZTAPALAPA,07-286,26
IZTAPALAPA,07-290,483
IZTAPALAPA,07-292,529
IZTAPALAPA,07-295,1028
IZTAPALAPA,07-296,39
IZTAPALAPA,07-297,15
IZTAPALAPA,07-298,674
IZTAPALAPA,07-299,329
IZTAPALAPA,07-301,23
IZTAPALAPA,07-303,187
IZTAPALAPA,07-305,557
IZTAPALAPA,07-309,404
IZTAPALAPA,07-317,403
IZTAPALAPA,07-318,173
IZTAPALAPA,07-320,44
LA MAGDALENA CONTRERAS,08-001,18
LA MAGDALENA CONTRERAS,08-002,111
LA MAGDALENA CONTRERAS,08-003,53
LA MAGDALENA CONTRERAS,08-005,83
LA MAGDALENA CONTRERAS,08-006,50
LA MAGDALENA CONTRERAS,08-009,86
LA MAGDALENA CONTRERAS,08-010,122
LA MAGDALENA CONTRERAS,08-011,87
LA MAGDALENA CONTRERAS,08-012,73
LA MAGDALENA CONTRERAS,08-013,115
LA MAGDALENA CONTRERAS,08-014,67
LA MAGDALENA CONTRERAS,08-015,31
LA MAGDALENA CONTRERAS,08-016,24
LA MAGDALENA CONTRERAS,08-017,17
LA MAGDALENA CONTRERAS,08-020,90
LA MAGDALENA CONTRERAS,08-021,45
LA MAGDALENA CONTRERAS,08-022,86
LA MAGDALENA CONTRERAS,08-023,38
LA MAGDALENA CONTRERAS,08-024,40
LA MAGDALENA CONTRERAS,08-025,132
LA MAGDALENA CONTRERAS,08-027,111
LA MAGDALENA CONTRERAS,08-029,63
LA MAGDALENA CONTRERAS,08-030,94
LA MAGDALENA CONTRERAS,08-031,66
LA MAGDALENA CONTRERAS,08-032,90
LA MAGDALENA CONTRERAS,08-033,88
LA MAGDALENA CONTRERAS,08-034,9
LA MAGDALENA CONTRERAS,08-035,5
LA MAGDALENA CONTRERAS,08-036,37
LA MAGDALENA CONTRERAS,08-037,27
LA MAGDALENA CONTRERAS,08-038,97
LA MAGDALENA CONTRERAS,08-039,53
LA MAGDALENA CONTRERAS,08-042,242
LA MAGDALENA CONTRERAS,08-043,39
LA MAGDALENA CONTRERAS,08-044,63
LA MAGDALENA CONTRERAS,08-045,660
LA MAGDALENA CONTRERAS,08-047,10
LA MAGDALENA CONTRERAS,08-048,308
LA MAGDALENA CONTRERAS,08-049,84
LA MAGDALENA CONTRERAS,08-051,43
LA MAGDALENA CONTRERAS,08-052,10
MIGUEL HIDALGO,16-001,155
MIGUEL HIDALGO,16-002,49
MIGUEL HIDALGO,16-003,162
MIGUEL HIDALGO,16-004,287
MIGUEL HIDALGO,16-007,30
MIGUEL HIDALGO,16-009,288
MIGUEL HIDALGO,16-010,132
MIGUEL HIDALGO,16-011,21
MIGUEL HIDALGO,16-012,39
MIGUEL HIDALGO,16-013,484
MIGUEL HIDALGO,16-014,196
MIGUEL HIDALGO,16-015,381
MIGUEL HIDALGO,16-019,196
MIGUEL HIDALGO,16-023,100
MIGUEL HIDALGO,16-025,378
MIGUEL HIDALGO,16-028,65
MIGUEL HIDALGO,16-031,598
MIGUEL HIDALGO,16-032,298
MIGUEL HIDALGO,16-033,66
MIGUEL HIDALGO,16-034,6
MIGUEL HIDALGO,16-035,289
MIGUEL HIDALGO,16-036,140
MIGUEL HIDALGO,16-038,53
MIGUEL HIDALGO,16-039,82
MIGUEL HIDALGO,16-041,68
MIGUEL HIDALGO,16-042,969
MIGUEL HIDALGO,16-043,18
MIGUEL HIDALGO,16-045,96
MIGUEL HIDALGO,16-046,28
MIGUEL HIDALGO,16-047,2203
MIGUEL HIDALGO,16-050,114
MIGUEL HIDALGO,16-052,127
MIGUEL HIDALGO,16-053,38
MIGUEL HIDALGO,16-056,46
MIGUEL HIDALGO,16-057,23
MIGUEL HIDALGO,16-058,157
MIGUEL HIDALGO,16-061,90
MIGUEL HIDALGO,16-063,412
MIGUEL HIDALGO,16-064,81
MIGUEL HIDALGO,16-066,121
MIGUEL HIDALGO,16-067,12
MIGUEL HIDALGO,16-069,227
MIGUEL HIDALGO,16-070,94
MIGUEL HIDALGO,16-071,31
MIGUEL HIDALGO,16-072,129
MIGUEL HIDALGO,16-073,30
MIGUEL HIDALGO,16-074,35
MIGUEL HIDALGO,16-076,116
MIGUEL HIDALGO,16-077,964
MIGUEL HIDALGO,16-078,939
MIGUEL HIDALGO,16-080,299
MIGUEL HIDALGO,16-081,264
MIGUEL HIDALGO,16-083,41
MIGUEL HIDALGO,16-084,271
MIGUEL HIDALGO,16-085,76
MIGUEL HIDALGO,16-086,55
MIGUEL HIDALGO,16-087,203
MIGUEL HIDALGO,16-089,1217
MIGUEL HIDALGO,16-091,768
MIGUEL HIDALGO,16-093,653
MIGUEL HIDALGO,16-095,668
MILPA ALTA,09-001,19
MILPA ALTA,09-002,357
MILPA ALTA,09-003,80
MILPA ALTA,09-004,58
MILPA ALTA,09-005,35
MILPA ALTA,09-006,21
MILPA ALTA,09-007,39
MILPA ALTA,09-009,147
MILPA ALTA,09-010,123
MILPA ALTA,09-011,135
MILPA ALTA,09-012,555
TLAHUAC,11-001,97
TLAHUAC,11-004,395
TLAHUAC,11-006,19
TLAHUAC,11-007,53
TLAHUAC,11-008,5
TLAHUAC,11-009,1
TLAHUAC,11-011,69
TLAHUAC,11-012,119
TLAHUAC,11-013,25
TLAHUAC,11-014,392
TLAHUAC,11-015,168
TLAHUAC,11-016,107
TLAHUAC,11-019,143
TLAHUAC,11-020,46
TLAHUAC,11-024,347
TLAHUAC,11-027,72
TLAHUAC,11-029,7
TLAHUAC,11-030,84
TLAHUAC,11-031,145
TLAHUAC,11-032,417
TLAHUAC,11-033,125
TLAHUAC,11-034,112
TLAHUAC,11-036,30
TLAHUAC,11-037,68
TLAHUAC,11-038,460
TLAHUAC,11-039,28
TLAHUAC,11-040,83
TLAHUAC,11-041,133
TLAHUAC,11-042,284
TLAHUAC,11-043,89
TLAHUAC,11-044,183
TLAHUAC,11-045,110
TLAHUAC,11-049,1
TLAHUAC,11-050,28
TLAHUAC,11-052,175
TLAHUAC,11-054,7
TLAHUAC,11-056,144
TLAHUAC,11-057,303
TLAHUAC,11-058,299
TLALPAN,12-002,480
TLALPAN,12-005,191
TLALPAN,12-008,124
TLALPAN,12-009,367
TLALPAN,12-013,29
TLALPAN,12-016,66
TLALPAN,12-017,8
TLALPAN,12-018,116
TLALPAN,12-019,20
TLALPAN,12-022,54
TLALPAN,12-023,62
TLALPAN,12-024,46
TLALPAN,12-025,39
TLALPAN,12-026,76
TLALPAN,12-027,12
TLALPAN,12-029,233
TLALPAN,12-030,20
TLALPAN,12-033,4
TLALPAN,12-035,7
TLALPAN,12-036,3
TLALPAN,12-039,47
TLALPAN,12-042,121
TLALPAN,12-043,90
TLALPAN,12-045,6
TLALPAN,12-047,194
TLALPAN,12-048,31
TLALPAN,12-049,251
TLALPAN,12-050,20
TLALPAN,12-053,43
TLALPAN,12-055,8
TLALPAN,12-057,409
TLALPAN,12-059,29
TLALPAN,12-060,7
TLALPAN,12-062,29
TLALPAN,12-064,33
TLALPAN,12-066,128
TLALPAN,12-067,195
TLALPAN,12-069,150
TLALPAN,12-070,43
TLALPAN,12-071,4
TLALPAN,12-072,145
TLALPAN,12-074,69
TLALPAN,12-076,52
TLALPAN,12-079,67
TLALPAN,12-080,19
TLALPAN,12-085,7
TLALPAN,12-087,37
TLALPAN,12-093,73
TLALPAN,12-094,16
TLALPAN,12-095,64
TLALPAN,12-096,47
TLALPAN,12-097,19
TLALPAN,12-099,47
TLALPAN,12-100,27
TLALPAN,12-101,28
TLALPAN,12-103,69
TLALPAN,12-104,101
TLALPAN,12-105,60
TLALPAN,12-106,15
TLALPAN,12-107,173
TLALPAN,12-108,79
TLALPAN,12-109,230
TLALPAN,12-113,21
TLALPAN,12-114,11
TLALPAN,12-115,75
TLALPAN,12-116,42
TLALPAN,12-117,211
TLALPAN,12-119,189
TLALPAN,12-121,53
TLALPAN,12-125,15
TLALPAN,12-127,73
TLALPAN,12-130,51
TLALPAN,12-131,198
TLALPAN,12-133,45
TLALPAN,12-137,53
TLALPAN,12-142,46
TLALPAN,12-146,96
TLALPAN,12-147,1014
TLALPAN,12-148,78
TLALPAN,12-151,53
TLALPAN,12-153,294
TLALPAN,12-154,129
TLALPAN,12-155,255
TLALPAN,12-156,31
TLALPAN,12-157,60
TLALPAN,12-158,50
TLALPAN,12-160,507
TLALPAN,12-161,354
TLALPAN,12-162,27
TLALPAN,12-163,267
TLALPAN,12-164,15
TLALPAN,12-166,11
TLALPAN,12-167,13
TLALPAN,12-168,3
TLALPAN,12-171,26
TLALPAN,12-172,5
TLALPAN,12-173,519
TLALPAN,12-175,461
TLALPAN,12-176,22
TLALPAN,12-177,653
TLALPAN,12-180,618
TLALPAN,12-182,11
TLALPAN,12-183,11
TLALPAN,12-184,73
TLALPAN,12-185,1
TLALPAN,12-188,221
TLALPAN,12-191,47
TLALPAN,12-193,4
TLALPAN,12-194,142
TLALPAN,12-195,72
TLALPAN,12-198,24
TLALPAN,12-199,10
TLALPAN,12-204,11
TLALPAN,12-205,41
TLALPAN,12-208,4
TLALPAN,12-210,485
TLALPAN,12-212,342
TLALPAN,12-213,36
TLALPAN,12-214,180
TLALPAN,12-217,40
TLALPAN,12-220,282
TLALPAN,12-221,2
TLALPAN,12-222,5
VENUSTIANO CARRANZA,17-001,14
VENUSTIANO CARRANZA,17-002,408
VENUSTIANO CARRANZA,17-005,249
VENUSTIANO CARRANZA,17-006,124
VENUSTIANO CARRANZA,17-007,739
VENUSTIANO CARRANZA,17-008,24
VENUSTIANO CARRANZA,17-009,49
VENUSTIANO CARRANZA,17-012,118
VENUSTIANO CARRANZA,17-013,50
VENUSTIANO CARRANZA,17-015,384
VENUSTIANO CARRANZA,17-016,133
VENUSTIANO CARRANZA,17-017,56
VENUSTIANO CARRANZA,17-018,218
VENUSTIANO CARRANZA,17-019,17
VENUSTIANO CARRANZA,17-020,42
VENUSTIANO CARRANZA,17-021,226
VENUSTIANO CARRANZA,17-022,23
VENUSTIANO CARRANZA,17-023,736
VENUSTIANO CARRANZA,17-025,102
VENUSTIANO CARRANZA,17-027,104
VENUSTIANO CARRANZA,17-030,237
VENUSTIANO CARRANZA,17-032,177
VENUSTIANO CARRANZA,17-034,102
VENUSTIANO CARRANZA,17-036,422
VENUSTIANO CARRANZA,17-037,254
VENUSTIANO CARRANZA,17-038,375
VENUSTIANO CARRANZA,17-040,63
VENUSTIANO CARRANZA,17-041,8
VENUSTIANO CARRANZA,17-042,328
VENUSTIANO CARRANZA,17-045,84
VENUSTIANO CARRANZA,17-046,322
VENUSTIANO CARRANZA,17-047,417
VENUSTIANO CARRANZA,17-050,195
VENUSTIANO CARRANZA,17-051,48
VENUSTIANO CARRANZA,17-052,33
VENUSTIANO CARRANZA,17-053,292
VENUSTIANO CARRANZA,17-054,90
VENUSTIANO CARRANZA,17-055,320
VENUSTIANO CARRANZA,17-056,67
VENUSTIANO CARRANZA,17-057,99
VENUSTIANO CARRANZA,17-058,163
VENUSTIANO CARRANZA,17-059,7
VENUSTIANO CARRANZA,17-060,156
VENUSTIANO CARRANZA,17-061,193
VENUSTIANO CARRANZA,17-063,15
VENUSTIANO CARRANZA,17-064,41
VENUSTIANO CARRANZA,17-065,99
VENUSTIANO CARRANZA,17-066,326
VENUSTIANO CARRANZA,17-067,18
VENUSTIANO CARRANZA,17-068,26
VENUSTIANO CARRANZA,17-069,135
VENUSTIANO CARRANZA,17-070,203
VENUSTIANO CARRANZA,17-072,993
VENUSTIANO CARRANZA,17-073,13
VENUSTIANO CARRANZA,17-075,490
VENUSTIANO CARRANZA,17-076,1462
VENUSTIANO CARRANZA,17-081,1165
VENUSTIANO CARRANZA,17-084,927
VENUSTIANO CARRANZA,17-086,434
XOCHIMILCO,13-003,160
XOCHIMILCO,13-004,58
XOCHIMILCO,13-005,58
XOCHIMILCO,13-006,27
XOCHIMILCO,13-007,114
XOCHIMILCO,13-009,22
XOCHIMILCO,13-011,57
XOCHIMILCO,13-012,222
XOCHIMILCO,13-013,2
XOCHIMILCO,13-014,82
XOCHIMILCO,13-015,75
XOCHIMILCO,13-017,95
XOCHIMILCO,13-021,398
XOCHIMILCO,13-022,25
XOCHIMILCO,13-023,301
XOCHIMILCO,13-024,24
XOCHIMILCO,13-026,31
XOCHIMILCO,13-027,42
XOCHIMILCO,13-028,63
XOCHIMILCO,13-030,128
XOCHIMILCO,13-031,19
XOCHIMILCO,13-032,44
XOCHIMILCO,13-034,30
XOCHIMILCO,13-035,92
XOCHIMILCO,13-036,45
XOCHIMILCO,13-037,24
XOCHIMILCO,13-038,30
XOCHIMILCO,13-039,24
XOCHIMILCO,13-040,28
XOCHIMILCO,13-042,114
XOCHIMILCO,13-043,603
XOCHIMILCO,13-044,18
XOCHIMILCO,13-046,30
XOCHIMILCO,13-047,53
XOCHIMILCO,13-048,80
XOCHIMILCO,13-049,31
XOCHIMILCO,13-050,133
XOCHIMILCO,13-052,243
XOCHIMILCO,13-053,21
XOCHIMILCO,13-054,400
XOCHIMILCO,13-056,342
XOCHIMILCO,13-057,315
XOCHIMILCO,13-058,148
XOCHIMILCO,13-059,38
XOCHIMILCO,13-060,31
XOCHIMILCO,13-061,17
XOCHIMILCO,13-063,38
XOCHIMILCO,13-064,250
XOCHIMILCO,13-065,296
XOCHIMILCO,13-066,1
XOCHIMILCO,13-067,426
XOCHIMILCO,13-069,109
XOCHIMILCO,13-072,42
XOCHIMILCO,13-073,372
XOCHIMILCO,13-074,388
XOCHIMILCO,13-076,394
XOCHIMILCO,13-077,6
XOCHIMILCO,13-079,2
XOCHIMILCO,13-083,50
